{"AAPL": [16.818745, 8.178937], "GOOG": [28.290277, 4.841371]}